{
  "hash": "60c713cf",
  "configHash": "e521debb",
  "lockfileHash": "43105984",
  "browserHash": "ebb95b2d",
  "optimized": {
    "@angular/common": {
      "src": "../../../../../../node_modules/@angular/common/fesm2022/common.mjs",
      "file": "@angular_common.js",
      "fileHash": "e9a960d5",
      "needsInterop": false
    },
    "@angular/common/http": {
      "src": "../../../../../../node_modules/@angular/common/fesm2022/http.mjs",
      "file": "@angular_common_http.js",
      "fileHash": "89ccb060",
      "needsInterop": false
    },
    "@angular/core": {
      "src": "../../../../../../node_modules/@angular/core/fesm2022/core.mjs",
      "file": "@angular_core.js",
      "fileHash": "c05b490f",
      "needsInterop": false
    },
    "@angular/forms": {
      "src": "../../../../../../node_modules/@angular/forms/fesm2022/forms.mjs",
      "file": "@angular_forms.js",
      "fileHash": "e5e70ed0",
      "needsInterop": false
    },
    "@angular/platform-browser": {
      "src": "../../../../../../node_modules/@angular/platform-browser/fesm2022/platform-browser.mjs",
      "file": "@angular_platform-browser.js",
      "fileHash": "46151eaf",
      "needsInterop": false
    },
    "@angular/router": {
      "src": "../../../../../../node_modules/@angular/router/fesm2022/router.mjs",
      "file": "@angular_router.js",
      "fileHash": "4c296df0",
      "needsInterop": false
    },
    "rxjs": {
      "src": "../../../../../../node_modules/rxjs/dist/esm5/index.js",
      "file": "rxjs.js",
      "fileHash": "3bc32eb9",
      "needsInterop": false
    },
    "rxjs/operators": {
      "src": "../../../../../../node_modules/rxjs/dist/esm5/operators/index.js",
      "file": "rxjs_operators.js",
      "fileHash": "9297f81d",
      "needsInterop": false
    }
  },
  "chunks": {
    "chunk-STREVH6I": {
      "file": "chunk-STREVH6I.js"
    },
    "chunk-3VYO55UA": {
      "file": "chunk-3VYO55UA.js"
    },
    "chunk-QUD4JH7E": {
      "file": "chunk-QUD4JH7E.js"
    },
    "chunk-BRZV6ERR": {
      "file": "chunk-BRZV6ERR.js"
    },
    "chunk-C6ZQOQFD": {
      "file": "chunk-C6ZQOQFD.js"
    },
    "chunk-JINMNLB2": {
      "file": "chunk-JINMNLB2.js"
    },
    "chunk-2C44WUKA": {
      "file": "chunk-2C44WUKA.js"
    }
  }
}